Cited Article Title,Cited Article EID,Cited Article Link,Miscited Article Title,Miscited Article EID,Miscited Article Link,Citing Article Title,Citing Article EID,Citing Article Link
A survey on ensemble learning,2-s2.0-85071506977,https://www.scopus.com/record/display.url?eid=2-s2.0-85071506977&origin=resultslist,,2-s2.0-85206054056,https://www.scopus.com/record/display.url?eid=2-s2.0-85206054056&origin=resultslist,Bi-lingual Intent Classification of Twitter Posts: A Roadmap,2-s2.0-85064167859,https://www.scopus.com/record/display.url?eid=2-s2.0-85064167859&origin=resultslist
A survey on ensemble learning,2-s2.0-85071506977,https://www.scopus.com/record/display.url?eid=2-s2.0-85071506977&origin=resultslist,,2-s2.0-85189651213,https://www.scopus.com/record/display.url?eid=2-s2.0-85189651213&origin=resultslist,A Comparative Analysis of Combination of CNN-Based Models with Ensemble Learning on Imbalanced Data,2-s2.0-85189610439,https://www.scopus.com/record/display.url?eid=2-s2.0-85189610439&origin=resultslist
A survey on ensemble learning,2-s2.0-85071506977,https://www.scopus.com/record/display.url?eid=2-s2.0-85071506977&origin=resultslist,,2-s2.0-85112732271,https://www.scopus.com/record/display.url?eid=2-s2.0-85112732271&origin=resultslist,DStore: A Lightweight Scalable Learning Model Repository with Fine-Grain Tensor-Level Access,2-s2.0-85168423176,https://www.scopus.com/record/display.url?eid=2-s2.0-85168423176&origin=resultslist
A survey on ensemble learning,2-s2.0-85071506977,https://www.scopus.com/record/display.url?eid=2-s2.0-85071506977&origin=resultslist,,2-s2.0-85112732271,https://www.scopus.com/record/display.url?eid=2-s2.0-85112732271&origin=resultslist,Active Ensemble Learning for Knowledge Graph Error Detection,2-s2.0-85145450793,https://www.scopus.com/record/display.url?eid=2-s2.0-85145450793&origin=resultslist
A survey on ensemble learning,2-s2.0-85071506977,https://www.scopus.com/record/display.url?eid=2-s2.0-85071506977&origin=resultslist,,2-s2.0-85112732271,https://www.scopus.com/record/display.url?eid=2-s2.0-85112732271&origin=resultslist,Search for Pair-Produced vectorlike lepton singlet at the ILC by the XGBoost method,2-s2.0-85146067738,https://www.scopus.com/record/display.url?eid=2-s2.0-85146067738&origin=resultslist
A survey on ensemble learning,2-s2.0-85071506977,https://www.scopus.com/record/display.url?eid=2-s2.0-85071506977&origin=resultslist,,2-s2.0-85112732271,https://www.scopus.com/record/display.url?eid=2-s2.0-85112732271&origin=resultslist,Domain-Agnostic Neural Architecture for Class Incremental Continual Learning in Document Processing Platform,2-s2.0-85174322186,https://www.scopus.com/record/display.url?eid=2-s2.0-85174322186&origin=resultslist
A survey on ensemble learning,2-s2.0-85071506977,https://www.scopus.com/record/display.url?eid=2-s2.0-85071506977&origin=resultslist,,2-s2.0-85112732271,https://www.scopus.com/record/display.url?eid=2-s2.0-85112732271&origin=resultslist,AN EARLY RETINAL DISEASE DIAGNOSIS SYSTEM USING OCT IMAGES VIA CNN-BASED STACKING ENSEMBLE LEARNING,2-s2.0-85142335400,https://www.scopus.com/record/display.url?eid=2-s2.0-85142335400&origin=resultslist
A survey on ensemble learning,2-s2.0-85071506977,https://www.scopus.com/record/display.url?eid=2-s2.0-85071506977&origin=resultslist,,2-s2.0-85112732271,https://www.scopus.com/record/display.url?eid=2-s2.0-85112732271&origin=resultslist,AI Based Biometrics Recognition with a Hyperspectral Image Sensor,2-s2.0-85156105129,https://www.scopus.com/record/display.url?eid=2-s2.0-85156105129&origin=resultslist
A survey on ensemble learning,2-s2.0-85071506977,https://www.scopus.com/record/display.url?eid=2-s2.0-85071506977&origin=resultslist,,2-s2.0-85112732271,https://www.scopus.com/record/display.url?eid=2-s2.0-85112732271&origin=resultslist,Experimenting with ensembles of pre-trained language models for classification of custom legal datasets,2-s2.0-85152147971,https://www.scopus.com/record/display.url?eid=2-s2.0-85152147971&origin=resultslist
A survey on ensemble learning,2-s2.0-85071506977,https://www.scopus.com/record/display.url?eid=2-s2.0-85071506977&origin=resultslist,,2-s2.0-85112732271,https://www.scopus.com/record/display.url?eid=2-s2.0-85112732271&origin=resultslist,CAMERO: Consistency Regularized Ensemble of Perturbed Language Models with Weight Sharing,2-s2.0-85149135991,https://www.scopus.com/record/display.url?eid=2-s2.0-85149135991&origin=resultslist
A survey on ensemble learning,2-s2.0-85071506977,https://www.scopus.com/record/display.url?eid=2-s2.0-85071506977&origin=resultslist,,2-s2.0-85112732271,https://www.scopus.com/record/display.url?eid=2-s2.0-85112732271&origin=resultslist,Label-based Multiple Object Ensemble Tracking with Randomized Frame Dropping,2-s2.0-85143630849,https://www.scopus.com/record/display.url?eid=2-s2.0-85143630849&origin=resultslist
A survey on ensemble learning,2-s2.0-85071506977,https://www.scopus.com/record/display.url?eid=2-s2.0-85071506977&origin=resultslist,,2-s2.0-85112732271,https://www.scopus.com/record/display.url?eid=2-s2.0-85112732271&origin=resultslist,Estimating Predictive Uncertainty in Gastrointestinal Polyp Segmentation,2-s2.0-85137903203,https://www.scopus.com/record/display.url?eid=2-s2.0-85137903203&origin=resultslist
A survey on ensemble learning,2-s2.0-85071506977,https://www.scopus.com/record/display.url?eid=2-s2.0-85071506977&origin=resultslist,,2-s2.0-85112732271,https://www.scopus.com/record/display.url?eid=2-s2.0-85112732271&origin=resultslist,Architecture for Automatic Recognition of Group Activities Using Local Motions and Context,2-s2.0-85135745673,https://www.scopus.com/record/display.url?eid=2-s2.0-85135745673&origin=resultslist
A survey on ensemble learning,2-s2.0-85071506977,https://www.scopus.com/record/display.url?eid=2-s2.0-85071506977&origin=resultslist,,2-s2.0-85112732271,https://www.scopus.com/record/display.url?eid=2-s2.0-85112732271&origin=resultslist,Deep learning-based predictive biomarker of pathological complete response to neoadjuvant chemotherapy from histological images in breast cancer,2-s2.0-85112684226,https://www.scopus.com/record/display.url?eid=2-s2.0-85112684226&origin=resultslist
A survey on ensemble learning,2-s2.0-85071506977,https://www.scopus.com/record/display.url?eid=2-s2.0-85071506977&origin=resultslist,,2-s2.0-85112732271,https://www.scopus.com/record/display.url?eid=2-s2.0-85112732271&origin=resultslist,"Combining machine learning, space-time cloud restoration and phenology for farm-level wheat yield prediction",2-s2.0-85122768235,https://www.scopus.com/record/display.url?eid=2-s2.0-85122768235&origin=resultslist
A survey on ensemble learning,2-s2.0-85071506977,https://www.scopus.com/record/display.url?eid=2-s2.0-85071506977&origin=resultslist,,2-s2.0-85102183731,https://www.scopus.com/record/display.url?eid=2-s2.0-85102183731&origin=resultslist,Intrusion detection system using data stream classification,2-s2.0-85102177168,https://www.scopus.com/record/display.url?eid=2-s2.0-85102177168&origin=resultslist
A survey on ensemble learning,2-s2.0-85071506977,https://www.scopus.com/record/display.url?eid=2-s2.0-85071506977&origin=resultslist,,2-s2.0-85203111245,https://www.scopus.com/record/display.url?eid=2-s2.0-85203111245&origin=resultslist,Ensemble of temporal Transformers for financial time series,2-s2.0-85186462952,https://www.scopus.com/record/display.url?eid=2-s2.0-85186462952&origin=resultslist
